{
	"configs" : [
		{
			"remarks" : "",
			"id" : "8BFDAF7FD7377D4CF80AE95D887B2CEB",
			"server" : "162.245.239.66",
			"server_port" : 23456,
			"server_udp_port" : 0,
			"password" : "dongtaiwang.com",
			"method" : "aes-256-cfb",
			"protocol" : "origin",
			"protocolparam" : "",
			"obfs" : "plain",
			"obfsparam" : "",
			"remarks_base64" : "",
			"group" : "alvin9999",
			"enable" : true,
			"udp_over_tcp" : false
		}
	],
	"index" : 0,
	"random" : true,
	"sysProxyMode" : 1,
	"shareOverLan" : false,
	"localPort" : 1080,
	"localAuthPassword" : "pG-pyPExCNguYA9Q94C5",
	"dnsServer" : "",
	"reconnectTimes" : 2,
	"randomAlgorithm" : 3,
	"randomInGroup" : false,
	"TTL" : 0,
	"connectTimeout" : 5,
	"proxyRuleMode" : 0,
	"proxyEnable" : false,
	"pacDirectGoProxy" : false,
	"proxyType" : 0,
	"proxyHost" : "",
	"proxyPort" : 0,
	"proxyAuthUser" : "",
	"proxyAuthPass" : "",
	"proxyUserAgent" : "",
	"authUser" : "",
	"authPass" : "",
	"autoBan" : false,
	"sameHostForSameTarget" : false,
	"keepVisitTime" : 180,
	"isHideTips" : true,
	"nodeFeedAutoUpdate" : false,
	"serverSubscribes" : [

	],
	"token" : {

	},
	"portMap" : {

	}
}