{
	"104.160.185.160" : {
		"totalUploadBytes" : 46303,
		"totalDownloadBytes" : 1412031
	},
	"67.21.78.208" : {
		"totalUploadBytes" : 120362,
		"totalDownloadBytes" : 2477364
	},
	"67.21.78.149" : {
		"totalUploadBytes" : 57198,
		"totalDownloadBytes" : 350759
	},
	"104.160.185.80" : {
		"totalUploadBytes" : 1939175,
		"totalDownloadBytes" : 37385759
	},
	"104.160.185.150" : {
		"totalUploadBytes" : 2226092,
		"totalDownloadBytes" : 59174611
	},
	"104.238.150.222" : {
		"totalUploadBytes" : 847235,
		"totalDownloadBytes" : 21373122
	},
	"107.175.95.241" : {
		"totalUploadBytes" : 188982,
		"totalDownloadBytes" : 6884414
	},
	"107.175.94.126" : {
		"totalUploadBytes" : 101989,
		"totalDownloadBytes" : 7856501
	},
	"47.90.97.70" : {
		"totalUploadBytes" : 725845,
		"totalDownloadBytes" : 52262886
	},
	"47.74.128.165" : {
		"totalUploadBytes" : 294877,
		"totalDownloadBytes" : 11636725
	},
	"47.91.228.5" : {
		"totalUploadBytes" : 778420,
		"totalDownloadBytes" : 22566511
	},
	"47.91.229.209" : {
		"totalUploadBytes" : 912819,
		"totalDownloadBytes" : 50883166
	},
	"45.32.53.230" : {
		"totalUploadBytes" : 986574,
		"totalDownloadBytes" : 31805399
	},
	"45.32.89.117" : {
		"totalUploadBytes" : 1445722,
		"totalDownloadBytes" : 63563465
	},
	"104.160.181.23" : {
		"totalUploadBytes" : 1356777,
		"totalDownloadBytes" : 59271187
	},
	"173.82.88.119" : {
		"totalUploadBytes" : 239307,
		"totalDownloadBytes" : 2682317
	},
	"45.76.208.127" : {
		"totalUploadBytes" : 887565,
		"totalDownloadBytes" : 30537493
	},
	"45.76.221.74" : {
		"totalUploadBytes" : 98858,
		"totalDownloadBytes" : 4917643
	},
	"45.63.48.124" : {
		"totalUploadBytes" : 62344,
		"totalDownloadBytes" : 192654
	},
	"45.32.139.99" : {
		"totalUploadBytes" : 1298504,
		"totalDownloadBytes" : 35818603
	},
	"45.32.23.100" : {
		"totalUploadBytes" : 1490884,
		"totalDownloadBytes" : 29123906
	},
	"45.76.77.26" : {
		"totalUploadBytes" : 157576,
		"totalDownloadBytes" : 2269755
	},
	"104.207.149.39" : {
		"totalUploadBytes" : 695342,
		"totalDownloadBytes" : 13942435
	},
	"104.160.181.22" : {
		"totalUploadBytes" : 762826,
		"totalDownloadBytes" : 9704880
	},
	"104.160.181.19" : {
		"totalUploadBytes" : 6907748,
		"totalDownloadBytes" : 39723889
	},
	"64.32.13.209" : {
		"totalUploadBytes" : 524650,
		"totalDownloadBytes" : 53395929
	},
	"170.178.171.126" : {
		"totalUploadBytes" : 615439,
		"totalDownloadBytes" : 10217005
	},
	"45.63.86.91" : {
		"totalUploadBytes" : 38454,
		"totalDownloadBytes" : 146839
	},
	"45.77.171.61" : {
		"totalUploadBytes" : 71084,
		"totalDownloadBytes" : 215691
	},
	"45.63.85.43" : {
		"totalUploadBytes" : 235887,
		"totalDownloadBytes" : 4305476
	},
	"45.76.212.152" : {
		"totalUploadBytes" : 85083,
		"totalDownloadBytes" : 991559
	},
	"45.76.235.32" : {
		"totalUploadBytes" : 31895,
		"totalDownloadBytes" : 283214
	},
	"45.32.79.128" : {
		"totalUploadBytes" : 6223580,
		"totalDownloadBytes" : 58526675
	},
	"45.32.84.98" : {
		"totalUploadBytes" : 999488,
		"totalDownloadBytes" : 22727754
	},
	"45.77.122.125" : {
		"totalUploadBytes" : 868085,
		"totalDownloadBytes" : 7445030
	},
	"104.238.156.206" : {
		"totalUploadBytes" : 179423,
		"totalDownloadBytes" : 940699
	},
	"45.77.120.202" : {
		"totalUploadBytes" : 87629,
		"totalDownloadBytes" : 464378
	},
	"45.77.177.30" : {
		"totalUploadBytes" : 190266,
		"totalDownloadBytes" : 1063283
	},
	"64.32.1.232" : {
		"totalUploadBytes" : 10450889,
		"totalDownloadBytes" : 341787314
	},
	"64.32.1.237" : {
		"totalUploadBytes" : 1385696,
		"totalDownloadBytes" : 17388970
	},
	"45.32.138.241" : {
		"totalUploadBytes" : 471760,
		"totalDownloadBytes" : 11275303
	},
	"138.68.251.231" : {
		"totalUploadBytes" : 2229757,
		"totalDownloadBytes" : 54016616
	},
	"107.167.25.154" : {
		"totalUploadBytes" : 2103973,
		"totalDownloadBytes" : 16546809
	},
	"170.178.176.116" : {
		"totalUploadBytes" : 7412186,
		"totalDownloadBytes" : 265773547
	},
	"170.178.167.138" : {
		"totalUploadBytes" : 709842,
		"totalDownloadBytes" : 5708477
	},
	"165.227.55.151" : {
		"totalUploadBytes" : 2507299,
		"totalDownloadBytes" : 7922326
	},
	"103.114.161.16" : {
		"totalUploadBytes" : 5680763,
		"totalDownloadBytes" : 976305556
	},
	"103.114.162.108" : {
		"totalUploadBytes" : 10936,
		"totalDownloadBytes" : 11616
	},
	"103.114.162.109" : {
		"totalUploadBytes" : 22420708,
		"totalDownloadBytes" : 1559357889
	},
	"103.124.105.211" : {
		"totalUploadBytes" : 8300289,
		"totalDownloadBytes" : 147880303
	},
	"162.245.239.66" : {
		"totalUploadBytes" : 119337699,
		"totalDownloadBytes" : 3173052817
	}
}